source_id,relation,target_id,attribute
P-CYB-01,BELONGS_TO,CYB,
P-CYB-01,BUSINESS_TEAM,T-CYB-GRC,
P-CYB-01,TECHNICAL_TEAM,T-CYB-SOC,
E1024,BUSINESS_OWNER_OF,P-CYB-01,
E1026,TECH_LEAD_OF,P-CYB-01,
P-CYB-02,BELONGS_TO,CYB,
P-CYB-02,BUSINESS_TEAM,T-CYB-GRC,
P-CYB-02,TECHNICAL_TEAM,T-CYB-IAM,
E1024,BUSINESS_OWNER_OF,P-CYB-02,
E1030,TECH_LEAD_OF,P-CYB-02,
P-CYB-03,BELONGS_TO,CYB,
P-CYB-03,BUSINESS_TEAM,T-CYB-GRC,
P-CYB-03,TECHNICAL_TEAM,T-CYB-CLD,
E1024,BUSINESS_OWNER_OF,P-CYB-03,
E1035,TECH_LEAD_OF,P-CYB-03,
P-CYB-04,BELONGS_TO,CYB,
P-CYB-04,BUSINESS_TEAM,T-CYB-GRC,
P-CYB-04,TECHNICAL_TEAM,T-CYB-VM,
E1025,BUSINESS_OWNER_OF,P-CYB-04,
E1033,TECH_LEAD_OF,P-CYB-04,
P-CYB-05,BELONGS_TO,CYB,
P-CYB-05,BUSINESS_TEAM,T-CYB-GRC,
P-CYB-05,TECHNICAL_TEAM,T-CYB-SOC,
E1024,BUSINESS_OWNER_OF,P-CYB-05,
E1028,TECH_LEAD_OF,P-CYB-05,
P-CYB-06,BELONGS_TO,CYB,
P-CYB-06,BUSINESS_TEAM,T-CYB-GRC,
P-CYB-06,TECHNICAL_TEAM,T-CYB-IAM,
E1025,BUSINESS_OWNER_OF,P-CYB-06,
E1032,TECH_LEAD_OF,P-CYB-06,
P-CYB-07,BELONGS_TO,CYB,
P-CYB-07,BUSINESS_TEAM,T-CYB-GRC,
P-CYB-07,TECHNICAL_TEAM,T-CYB-IR,
E1024,BUSINESS_OWNER_OF,P-CYB-07,
E1037,TECH_LEAD_OF,P-CYB-07,
P-FIN-01,BELONGS_TO,FIN,
P-FIN-01,BUSINESS_TEAM,T-FIN-BUS,
P-FIN-01,TECHNICAL_TEAM,T-FIN-ERP,
E1039,BUSINESS_OWNER_OF,P-FIN-01,
E1042,TECH_LEAD_OF,P-FIN-01,
P-FIN-02,BELONGS_TO,FIN,
P-FIN-02,BUSINESS_TEAM,T-FIN-BUS,
P-FIN-02,TECHNICAL_TEAM,T-FIN-BI,
E1039,BUSINESS_OWNER_OF,P-FIN-02,
E1048,TECH_LEAD_OF,P-FIN-02,
P-FIN-03,BELONGS_TO,FIN,
P-FIN-03,BUSINESS_TEAM,T-FIN-BUS,
P-FIN-03,TECHNICAL_TEAM,T-FIN-ERP,
E1040,BUSINESS_OWNER_OF,P-FIN-03,
E1043,TECH_LEAD_OF,P-FIN-03,
P-FIN-04,BELONGS_TO,FIN,
P-FIN-04,BUSINESS_TEAM,T-FIN-TRS,
P-FIN-04,TECHNICAL_TEAM,T-FIN-ERP,
E1045,BUSINESS_OWNER_OF,P-FIN-04,
E1047,TECH_LEAD_OF,P-FIN-04,
P-FIN-05,BELONGS_TO,FIN,
P-FIN-05,BUSINESS_TEAM,T-FIN-BUS,
P-FIN-05,TECHNICAL_TEAM,T-FIN-BI,
E1040,BUSINESS_OWNER_OF,P-FIN-05,
E1049,TECH_LEAD_OF,P-FIN-05,
P-FIN-06,BELONGS_TO,FIN,
P-FIN-06,BUSINESS_TEAM,T-FIN-BUS,
P-FIN-06,TECHNICAL_TEAM,T-FIN-ERP,
E1041,BUSINESS_OWNER_OF,P-FIN-06,
E1044,TECH_LEAD_OF,P-FIN-06,
P-PRO-01,BELONGS_TO,PRO,
P-PRO-01,BUSINESS_TEAM,T-PRO-BUS,
P-PRO-01,TECHNICAL_TEAM,T-PRO-SRM,
E1050,BUSINESS_OWNER_OF,P-PRO-01,
E1054,TECH_LEAD_OF,P-PRO-01,
P-PRO-02,BELONGS_TO,PRO,
P-PRO-02,BUSINESS_TEAM,T-PRO-BUS,
P-PRO-02,TECHNICAL_TEAM,T-PRO-SRM,
E1051,BUSINESS_OWNER_OF,P-PRO-02,
E1055,TECH_LEAD_OF,P-PRO-02,
P-PRO-03,BELONGS_TO,PRO,
P-PRO-03,BUSINESS_TEAM,T-PRO-BUS,
P-PRO-03,TECHNICAL_TEAM,T-PRO-SRM,
E1050,BUSINESS_OWNER_OF,P-PRO-03,
E1056,TECH_LEAD_OF,P-PRO-03,
P-PRO-04,BELONGS_TO,PRO,
P-PRO-04,BUSINESS_TEAM,T-PRO-BUS,
P-PRO-04,TECHNICAL_TEAM,T-PRO-ANA,
E1052,BUSINESS_OWNER_OF,P-PRO-04,
E1057,TECH_LEAD_OF,P-PRO-04,
P-PRO-05,BELONGS_TO,PRO,
P-PRO-05,BUSINESS_TEAM,T-PRO-BUS,
P-PRO-05,TECHNICAL_TEAM,T-PRO-ANA,
E1051,BUSINESS_OWNER_OF,P-PRO-05,
E1058,TECH_LEAD_OF,P-PRO-05,
P-DTFS-01,BELONGS_TO,DTFS,
P-DTFS-01,BUSINESS_TEAM,T-DTF-BUS,
P-DTFS-01,TECHNICAL_TEAM,T-DTF-LOS,
E1061,BUSINESS_OWNER_OF,P-DTFS-01,
E1062,TECH_LEAD_OF,P-DTFS-01,
P-DTFS-02,BELONGS_TO,DTFS,
P-DTFS-02,BUSINESS_TEAM,T-DTF-BUS,
P-DTFS-02,TECHNICAL_TEAM,T-DTF-RSK,
E1060,BUSINESS_OWNER_OF,P-DTFS-02,
E1067,TECH_LEAD_OF,P-DTFS-02,
P-DTFS-03,BELONGS_TO,DTFS,
P-DTFS-03,BUSINESS_TEAM,T-DTF-BUS,
P-DTFS-03,TECHNICAL_TEAM,T-DTF-LOS,
E1059,BUSINESS_OWNER_OF,P-DTFS-03,
E1063,TECH_LEAD_OF,P-DTFS-03,
P-DTFS-04,BELONGS_TO,DTFS,
P-DTFS-04,BUSINESS_TEAM,T-DTF-SRV,
P-DTFS-04,TECHNICAL_TEAM,T-DTF-LOS,
E1069,BUSINESS_OWNER_OF,P-DTFS-04,
E1070,TECH_LEAD_OF,P-DTFS-04,
P-DTFS-05,BELONGS_TO,DTFS,
P-DTFS-05,BUSINESS_TEAM,T-DTF-BUS,
P-DTFS-05,TECHNICAL_TEAM,T-DTF-RSK,
E1059,BUSINESS_OWNER_OF,P-DTFS-05,
E1068,TECH_LEAD_OF,P-DTFS-05,
P-DTFS-06,BELONGS_TO,DTFS,
P-DTFS-06,BUSINESS_TEAM,T-DTF-BUS,
P-DTFS-06,TECHNICAL_TEAM,T-DTF-LOS,
E1060,BUSINESS_OWNER_OF,P-DTFS-06,
E1065,TECH_LEAD_OF,P-DTFS-06,
P-SAL-01,BELONGS_TO,SAL,
P-SAL-01,BUSINESS_TEAM,T-SAL-BUS,
P-SAL-01,TECHNICAL_TEAM,T-SAL-DLR,
E1072,BUSINESS_OWNER_OF,P-SAL-01,
E1077,TECH_LEAD_OF,P-SAL-01,
P-SAL-02,BELONGS_TO,SAL,
P-SAL-02,BUSINESS_TEAM,T-SAL-BUS,
P-SAL-02,TECHNICAL_TEAM,T-SAL-ANA,
E1071,BUSINESS_OWNER_OF,P-SAL-02,
E1080,TECH_LEAD_OF,P-SAL-02,
P-SAL-03,BELONGS_TO,SAL,
P-SAL-03,BUSINESS_TEAM,T-SAL-AFT,
P-SAL-03,TECHNICAL_TEAM,T-SAL-DLR,
E1074,BUSINESS_OWNER_OF,P-SAL-03,
E1076,TECH_LEAD_OF,P-SAL-03,
P-SAL-04,BELONGS_TO,SAL,
P-SAL-04,BUSINESS_TEAM,T-SAL-AFT,
P-SAL-04,TECHNICAL_TEAM,T-SAL-DLR,
E1074,BUSINESS_OWNER_OF,P-SAL-04,
E1079,TECH_LEAD_OF,P-SAL-04,
P-SAL-05,BELONGS_TO,SAL,
P-SAL-05,BUSINESS_TEAM,T-SAL-BUS,
P-SAL-05,TECHNICAL_TEAM,T-SAL-ANA,
E1071,BUSINESS_OWNER_OF,P-SAL-05,
E1082,TECH_LEAD_OF,P-SAL-05,
P-SAL-06,BELONGS_TO,SAL,
P-SAL-06,BUSINESS_TEAM,T-SAL-BUS,
P-SAL-06,TECHNICAL_TEAM,T-SAP-INT,
E1071,BUSINESS_OWNER_OF,P-SAL-06,
E1017,TECH_LEAD_OF,P-SAL-06,
P-HR-01,BELONGS_TO,HR,
P-HR-01,BUSINESS_TEAM,T-HR-BP,
P-HR-01,TECHNICAL_TEAM,T-HR-IT,
E1083,BUSINESS_OWNER_OF,P-HR-01,
E1085,TECH_LEAD_OF,P-HR-01,
AZ-AKS,PART_OF,AZURE,
T-AZ-AKS,OWNS_SERVICE,AZ-AKS,
AZ-SEN,PART_OF,AZURE,
T-AZ-PLAT,OWNS_SERVICE,AZ-SEN,
AZ-LAW,PART_OF,AZURE,
T-AZ-PLAT,OWNS_SERVICE,AZ-LAW,
AZ-AAD,PART_OF,AZURE,
T-AZ-PLAT,OWNS_SERVICE,AZ-AAD,
AZ-KV,PART_OF,AZURE,
T-AZ-PLAT,OWNS_SERVICE,AZ-KV,
AZ-ADF,PART_OF,AZURE,
T-AZ-DATA,OWNS_SERVICE,AZ-ADF,
AZ-APIM,PART_OF,AZURE,
T-AZ-PLAT,OWNS_SERVICE,AZ-APIM,
AZ-DEF,PART_OF,AZURE,
T-AZ-PLAT,OWNS_SERVICE,AZ-DEF,
AZ-SQL,PART_OF,AZURE,
T-AZ-DATA,OWNS_SERVICE,AZ-SQL,
AZ-NET,PART_OF,AZURE,
T-AZ-PLAT,OWNS_SERVICE,AZ-NET,
AWS-S3,PART_OF,AWS,
T-AWS-PLAT,OWNS_SERVICE,AWS-S3,
AWS-EKS,PART_OF,AWS,
T-AWS-PLAT,OWNS_SERVICE,AWS-EKS,
AWS-LAM,PART_OF,AWS,
T-AWS-PLAT,OWNS_SERVICE,AWS-LAM,
AWS-RDS,PART_OF,AWS,
T-AWS-PLAT,OWNS_SERVICE,AWS-RDS,
AWS-KIN,PART_OF,AWS,
T-AWS-PLAT,OWNS_SERVICE,AWS-KIN,
AWS-GD,PART_OF,AWS,
T-AWS-PLAT,OWNS_SERVICE,AWS-GD,
SAP-RISE,PART_OF,SAP,
T-SAP-RISE,OWNS_SERVICE,SAP-RISE,
SAP-ARI,PART_OF,SAP,
T-SAP-INT,OWNS_SERVICE,SAP-ARI,
SAP-SAC,PART_OF,SAP,
T-SAP-ANA,OWNS_SERVICE,SAP-SAC,
SAP-BTP,PART_OF,SAP,
T-SAP-INT,OWNS_SERVICE,SAP-BTP,
SAP-DSP,PART_OF,SAP,
T-SAP-ANA,OWNS_SERVICE,SAP-DSP,
SAP-GRC,PART_OF,SAP,
T-SAP-RISE,OWNS_SERVICE,SAP-GRC,
SAP-SFSF,PART_OF,SAP,
T-HR-IT,OWNS_SERVICE,SAP-SFSF,
SNF-DW,PART_OF,SNOWFLAKE,
T-SNF-PLAT,OWNS_SERVICE,SNF-DW,
SNF-SH,PART_OF,SNOWFLAKE,
T-SNF-PLAT,OWNS_SERVICE,SNF-SH,
SNF-CORT,PART_OF,SNOWFLAKE,
T-SNF-PLAT,OWNS_SERVICE,SNF-CORT,
DBX-LH,PART_OF,DATABRICKS,
T-DBX-PLAT,OWNS_SERVICE,DBX-LH,
DBX-ML,PART_OF,DATABRICKS,
T-DBX-PLAT,OWNS_SERVICE,DBX-ML,
DBX-UC,PART_OF,DATABRICKS,
T-DBX-PLAT,OWNS_SERVICE,DBX-UC,
DBX-DLT,PART_OF,DATABRICKS,
T-DBX-PLAT,OWNS_SERVICE,DBX-DLT,
P-CYB-01,USES_SERVICE,AZ-SEN,SIEM correlation and alerting
P-CYB-01,USES_SERVICE,AZ-LAW,Log storage and KQL hunting
P-CYB-01,USES_SERVICE,AZ-AAD,Sign-in log source
P-CYB-02,USES_SERVICE,AZ-AAD,Identity directory and SSO
P-CYB-02,USES_SERVICE,SAP-GRC,SAP role governance and SoD
P-CYB-03,USES_SERVICE,AZ-DEF,Azure posture checks
P-CYB-03,USES_SERVICE,AWS-GD,AWS threat detection
P-CYB-04,USES_SERVICE,AZ-DEF,Vulnerability assessment
P-CYB-04,USES_SERVICE,AZ-LAW,Scan result storage
P-CYB-05,USES_SERVICE,DBX-LH,Security telemetry lakehouse
P-CYB-05,USES_SERVICE,DBX-UC,Data governance
P-CYB-05,USES_SERVICE,AZ-ADF,Log ingestion pipelines
P-CYB-06,USES_SERVICE,AZ-KV,Credential vaulting
P-CYB-06,USES_SERVICE,AZ-AAD,Just-in-time role activation
P-CYB-07,USES_SERVICE,AZ-SEN,SOAR playbooks
P-CYB-07,USES_SERVICE,AZ-LAW,Alert enrichment queries
P-FIN-01,USES_SERVICE,SAP-RISE,"S/4HANA ledger, AP/AR, assets"
P-FIN-02,USES_SERVICE,SAP-SAC,Dashboards and planning
P-FIN-02,USES_SERVICE,SAP-DSP,Semantic layer on S/4 data
P-FIN-03,USES_SERVICE,SAP-RISE,Group Reporting module
P-FIN-03,USES_SERVICE,SAP-SAC,Consolidation reports
P-FIN-04,USES_SERVICE,SAP-RISE,Treasury module
P-FIN-04,USES_SERVICE,SAP-BTP,Bank connectivity
P-FIN-05,USES_SERVICE,SNF-DW,Finance data mart
P-FIN-05,USES_SERVICE,AZ-ADF,Extraction from S/4
P-FIN-06,USES_SERVICE,SAP-RISE,Intercompany and tax postings
P-FIN-06,USES_SERVICE,SAP-BTP,E-invoicing and tax authority interfaces
P-PRO-01,USES_SERVICE,AZ-AKS,Portal microservices
P-PRO-01,USES_SERVICE,AZ-APIM,Supplier and S/4 API gateway
P-PRO-01,USES_SERVICE,SAP-ARI,Supplier master and catalog sync
P-PRO-02,USES_SERVICE,SAP-ARI,Sourcing and contracts
P-PRO-02,USES_SERVICE,SAP-BTP,Ariba to S/4 integration
P-PRO-03,USES_SERVICE,AZ-AKS,Invoice matching services
P-PRO-03,USES_SERVICE,AZ-APIM,S/4 posting API
P-PRO-03,USES_SERVICE,SAP-BTP,Document and posting integration
P-PRO-04,USES_SERVICE,SNF-DW,Spend cube
P-PRO-04,USES_SERVICE,SAP-SAC,Spend dashboards
P-PRO-05,USES_SERVICE,DBX-LH,Feature engineering
P-PRO-05,USES_SERVICE,DBX-ML,Risk model training and serving
P-DTFS-01,USES_SERVICE,AZ-AKS,Application microservices
P-DTFS-01,USES_SERVICE,AZ-APIM,Dealer and partner APIs
P-DTFS-01,USES_SERVICE,DBX-LH,Applicant data enrichment
P-DTFS-02,USES_SERVICE,DBX-LH,Feature store
P-DTFS-02,USES_SERVICE,DBX-ML,Real-time model serving
P-DTFS-02,USES_SERVICE,DBX-UC,Model and data governance
P-DTFS-03,USES_SERVICE,AZ-AKS,Contract services
P-DTFS-03,USES_SERVICE,AZ-SQL,Contract database
P-DTFS-04,USES_SERVICE,AZ-AKS,Servicing workflows
P-DTFS-04,USES_SERVICE,AZ-SQL,Case database
P-DTFS-04,USES_SERVICE,AZ-APIM,Customer-facing APIs
P-DTFS-05,USES_SERVICE,SNF-DW,Regulatory data mart
P-DTFS-05,USES_SERVICE,SNF-SH,Shared contract and finance data
P-DTFS-05,USES_SERVICE,SAP-SAC,Regulatory dashboards
P-DTFS-06,USES_SERVICE,AZ-AKS,Floorplan services
P-DTFS-06,USES_SERVICE,AZ-APIM,Dealer APIs
P-SAL-01,USES_SERVICE,AWS-EKS,Dealer platform services
P-SAL-01,USES_SERVICE,AWS-RDS,Dealer and stock database
P-SAL-01,USES_SERVICE,AWS-S3,Document storage
P-SAL-02,USES_SERVICE,SNF-DW,Customer 360 store
P-SAL-02,USES_SERVICE,DBX-LH,Identity resolution pipelines
P-SAL-02,USES_SERVICE,SNF-CORT,AI-generated customer summaries
P-SAL-03,USES_SERVICE,AWS-EKS,Portal services
P-SAL-03,USES_SERVICE,AWS-LAM,Event-driven notifications
P-SAL-04,USES_SERVICE,AWS-KIN,Truck telemetry streaming
P-SAL-04,USES_SERVICE,AWS-S3,Raw telemetry storage
P-SAL-04,USES_SERVICE,DBX-LH,Telemetry processing
P-SAL-04,USES_SERVICE,DBX-DLT,Streaming pipelines
P-SAL-05,USES_SERVICE,DBX-ML,Forecast models
P-SAL-05,USES_SERVICE,SNF-DW,Sales history
P-SAL-06,USES_SERVICE,SAP-RISE,Order and delivery processing
P-SAL-06,USES_SERVICE,SAP-BTP,Dealer to SAP integration
P-HR-01,USES_SERVICE,SAP-SFSF,HR core
P-HR-01,USES_SERVICE,SAP-BTP,Feeds to identity and finance
P-CYB-01,DEPENDS_ON,P-CYB-02,data/medium
P-CYB-07,DEPENDS_ON,P-CYB-01,data/critical
P-CYB-05,DEPENDS_ON,P-CYB-01,data/high
P-CYB-03,DEPENDS_ON,P-CYB-01,data/medium
P-CYB-04,DEPENDS_ON,P-CYB-03,data/medium
P-CYB-06,DEPENDS_ON,P-CYB-02,identity/critical
P-CYB-02,DEPENDS_ON,P-HR-01,data/critical
P-FIN-01,DEPENDS_ON,P-CYB-02,identity/critical
P-FIN-01,DEPENDS_ON,P-HR-01,data/medium
P-PRO-01,DEPENDS_ON,P-CYB-02,identity/high
P-SAL-01,DEPENDS_ON,P-CYB-02,identity/high
P-DTFS-01,DEPENDS_ON,P-CYB-01,process/high
P-DTFS-02,DEPENDS_ON,P-CYB-06,process/medium
P-SAL-04,DEPENDS_ON,P-CYB-03,process/medium
P-PRO-05,DEPENDS_ON,P-CYB-05,data/low
P-FIN-02,DEPENDS_ON,P-FIN-01,data/critical
P-FIN-03,DEPENDS_ON,P-FIN-01,data/critical
P-FIN-04,DEPENDS_ON,P-FIN-01,data/critical
P-FIN-05,DEPENDS_ON,P-FIN-01,data/high
P-FIN-06,DEPENDS_ON,P-FIN-01,data/high
P-FIN-02,DEPENDS_ON,P-FIN-05,data/medium
P-FIN-02,DEPENDS_ON,P-SAL-02,data/medium
P-FIN-03,DEPENDS_ON,P-FIN-06,data/high
P-FIN-04,DEPENDS_ON,P-DTFS-03,data/medium
P-PRO-01,DEPENDS_ON,P-FIN-01,data/critical
P-PRO-01,DEPENDS_ON,P-PRO-02,data/high
P-PRO-02,DEPENDS_ON,P-FIN-01,data/high
P-PRO-03,DEPENDS_ON,P-PRO-01,process/high
P-PRO-03,DEPENDS_ON,P-FIN-01,process/critical
P-PRO-04,DEPENDS_ON,P-FIN-05,data/high
P-PRO-04,DEPENDS_ON,P-PRO-02,data/medium
P-PRO-05,DEPENDS_ON,P-PRO-01,data/medium
P-DTFS-01,DEPENDS_ON,P-FIN-01,process/critical
P-DTFS-01,DEPENDS_ON,P-DTFS-02,process/critical
P-DTFS-01,DEPENDS_ON,P-SAL-01,data/high
P-DTFS-02,DEPENDS_ON,P-SAL-02,data/medium
P-DTFS-03,DEPENDS_ON,P-DTFS-01,process/critical
P-DTFS-03,DEPENDS_ON,P-FIN-01,process/critical
P-DTFS-04,DEPENDS_ON,P-DTFS-03,data/critical
P-DTFS-05,DEPENDS_ON,P-DTFS-03,data/critical
P-DTFS-05,DEPENDS_ON,P-DTFS-04,data/high
P-DTFS-05,DEPENDS_ON,P-FIN-03,data/high
P-DTFS-06,DEPENDS_ON,P-SAL-01,data/high
P-DTFS-06,DEPENDS_ON,P-FIN-01,process/medium
P-SAL-01,DEPENDS_ON,P-SAL-06,process/critical
P-SAL-03,DEPENDS_ON,P-SAL-01,data/high
P-SAL-03,DEPENDS_ON,P-SAL-04,data/high
P-SAL-02,DEPENDS_ON,P-SAL-01,data/high
P-SAL-02,DEPENDS_ON,P-SAL-03,data/medium
P-SAL-05,DEPENDS_ON,P-SAL-02,data/high
P-SAL-05,DEPENDS_ON,P-SAL-06,data/medium
P-SAL-06,DEPENDS_ON,P-FIN-01,process/critical
P-SAL-06,DEPENDS_ON,P-PRO-01,data/medium
AZ-AKS,SERVICE_DEPENDS_ON,AZ-NET,infrastructure/critical
AZ-AKS,SERVICE_DEPENDS_ON,AZ-AAD,identity/high
AZ-SEN,SERVICE_DEPENDS_ON,AZ-LAW,data/critical
AZ-DEF,SERVICE_DEPENDS_ON,AZ-LAW,data/medium
AZ-APIM,SERVICE_DEPENDS_ON,AZ-AAD,identity/high
AZ-APIM,SERVICE_DEPENDS_ON,AZ-NET,infrastructure/high
AZ-ADF,SERVICE_DEPENDS_ON,AZ-NET,infrastructure/high
AZ-KV,SERVICE_DEPENDS_ON,AZ-AAD,identity/high
DBX-LH,SERVICE_DEPENDS_ON,AZ-NET,infrastructure/high
DBX-UC,SERVICE_DEPENDS_ON,AZ-AAD,identity/high
DBX-ML,SERVICE_DEPENDS_ON,DBX-LH,platform/critical
DBX-DLT,SERVICE_DEPENDS_ON,DBX-LH,platform/critical
SAP-RISE,SERVICE_DEPENDS_ON,AZ-NET,infrastructure/critical
SAP-BTP,SERVICE_DEPENDS_ON,AZ-AAD,identity/high
SAP-ARI,SERVICE_DEPENDS_ON,SAP-BTP,integration/high
SAP-SAC,SERVICE_DEPENDS_ON,SAP-DSP,data/high
SAP-DSP,SERVICE_DEPENDS_ON,SAP-RISE,data/high
SAP-GRC,SERVICE_DEPENDS_ON,SAP-RISE,platform/high
SAP-SFSF,SERVICE_DEPENDS_ON,SAP-BTP,integration/high
SNF-DW,SERVICE_DEPENDS_ON,AWS-S3,infrastructure/critical
SNF-SH,SERVICE_DEPENDS_ON,SNF-DW,platform/critical
SNF-CORT,SERVICE_DEPENDS_ON,SNF-DW,platform/high
E1001,MEMBER_OF,T-AZ-PLAT,
E1002,MEMBER_OF,T-AZ-PLAT,
E1003,MEMBER_OF,T-AZ-PLAT,
E1004,MEMBER_OF,T-AZ-AKS,
E1005,MEMBER_OF,T-AZ-AKS,
E1006,MEMBER_OF,T-AZ-AKS,
E1007,MEMBER_OF,T-AZ-DATA,
E1008,MEMBER_OF,T-AZ-DATA,
E1009,MEMBER_OF,T-AWS-PLAT,
E1010,MEMBER_OF,T-AWS-PLAT,
E1011,MEMBER_OF,T-AWS-PLAT,
E1012,MEMBER_OF,T-SAP-RISE,
E1013,MEMBER_OF,T-SAP-RISE,
E1014,MEMBER_OF,T-SAP-RISE,
E1015,MEMBER_OF,T-SAP-ANA,
E1016,MEMBER_OF,T-SAP-ANA,
E1017,MEMBER_OF,T-SAP-INT,
E1018,MEMBER_OF,T-SAP-INT,
E1019,MEMBER_OF,T-SNF-PLAT,
E1020,MEMBER_OF,T-SNF-PLAT,
E1021,MEMBER_OF,T-DBX-PLAT,
E1022,MEMBER_OF,T-DBX-PLAT,
E1023,MEMBER_OF,T-DBX-PLAT,
E1024,MEMBER_OF,T-CYB-GRC,
E1025,MEMBER_OF,T-CYB-GRC,
E1026,MEMBER_OF,T-CYB-SOC,
E1027,MEMBER_OF,T-CYB-SOC,
E1028,MEMBER_OF,T-CYB-SOC,
E1029,MEMBER_OF,T-CYB-SOC,
E1030,MEMBER_OF,T-CYB-IAM,
E1031,MEMBER_OF,T-CYB-IAM,
E1032,MEMBER_OF,T-CYB-IAM,
E1033,MEMBER_OF,T-CYB-VM,
E1034,MEMBER_OF,T-CYB-VM,
E1035,MEMBER_OF,T-CYB-CLD,
E1036,MEMBER_OF,T-CYB-CLD,
E1037,MEMBER_OF,T-CYB-IR,
E1038,MEMBER_OF,T-CYB-IR,
E1039,MEMBER_OF,T-FIN-BUS,
E1040,MEMBER_OF,T-FIN-BUS,
E1041,MEMBER_OF,T-FIN-BUS,
E1042,MEMBER_OF,T-FIN-ERP,
E1043,MEMBER_OF,T-FIN-ERP,
E1044,MEMBER_OF,T-FIN-ERP,
E1045,MEMBER_OF,T-FIN-TRS,
E1046,MEMBER_OF,T-FIN-TRS,
E1047,MEMBER_OF,T-FIN-TRS,
E1048,MEMBER_OF,T-FIN-BI,
E1049,MEMBER_OF,T-FIN-BI,
E1050,MEMBER_OF,T-PRO-BUS,
E1051,MEMBER_OF,T-PRO-BUS,
E1052,MEMBER_OF,T-PRO-BUS,
E1053,MEMBER_OF,T-PRO-SRM,
E1054,MEMBER_OF,T-PRO-SRM,
E1055,MEMBER_OF,T-PRO-SRM,
E1056,MEMBER_OF,T-PRO-SRM,
E1057,MEMBER_OF,T-PRO-ANA,
E1058,MEMBER_OF,T-PRO-ANA,
E1059,MEMBER_OF,T-DTF-BUS,
E1060,MEMBER_OF,T-DTF-BUS,
E1061,MEMBER_OF,T-DTF-BUS,
E1062,MEMBER_OF,T-DTF-LOS,
E1063,MEMBER_OF,T-DTF-LOS,
E1064,MEMBER_OF,T-DTF-LOS,
E1065,MEMBER_OF,T-DTF-LOS,
E1066,MEMBER_OF,T-DTF-RSK,
E1067,MEMBER_OF,T-DTF-RSK,
E1068,MEMBER_OF,T-DTF-RSK,
E1069,MEMBER_OF,T-DTF-SRV,
E1070,MEMBER_OF,T-DTF-SRV,
E1071,MEMBER_OF,T-SAL-BUS,
E1072,MEMBER_OF,T-SAL-BUS,
E1073,MEMBER_OF,T-SAL-BUS,
E1074,MEMBER_OF,T-SAL-AFT,
E1075,MEMBER_OF,T-SAL-AFT,
E1076,MEMBER_OF,T-SAL-AFT,
E1077,MEMBER_OF,T-SAL-DLR,
E1078,MEMBER_OF,T-SAL-DLR,
E1079,MEMBER_OF,T-SAL-DLR,
E1080,MEMBER_OF,T-SAL-ANA,
E1081,MEMBER_OF,T-SAL-ANA,
E1082,MEMBER_OF,T-SAL-ANA,
E1083,MEMBER_OF,T-HR-BP,
E1084,MEMBER_OF,T-HR-BP,
E1085,MEMBER_OF,T-HR-IT,
E1086,MEMBER_OF,T-HR-IT,
E1027,WORKS_ON,P-CYB-01,60%
E1027,WORKS_ON,P-DTFS-01,40%
E1026,WORKS_ON,P-CYB-01,50%
E1026,WORKS_ON,P-CYB-05,30%
E1026,WORKS_ON,P-CYB-07,20%
E1028,WORKS_ON,P-CYB-05,60%
E1028,WORKS_ON,P-CYB-01,40%
E1029,WORKS_ON,P-CYB-01,80%
E1029,WORKS_ON,P-CYB-07,20%
E1030,WORKS_ON,P-CYB-02,70%
E1030,WORKS_ON,P-CYB-06,30%
E1031,WORKS_ON,P-CYB-02,70%
E1031,WORKS_ON,P-FIN-01,30%
E1032,WORKS_ON,P-CYB-06,70%
E1032,WORKS_ON,P-CYB-02,30%
E1033,WORKS_ON,P-CYB-04,80%
E1033,WORKS_ON,P-CYB-03,20%
E1034,WORKS_ON,P-CYB-04,70%
E1034,WORKS_ON,P-CYB-03,30%
E1024,WORKS_ON,P-CYB-01,20%
E1024,WORKS_ON,P-CYB-02,20%
E1024,WORKS_ON,P-CYB-03,15%
E1024,WORKS_ON,P-CYB-05,15%
E1024,WORKS_ON,P-CYB-07,15%
E1025,WORKS_ON,P-CYB-04,40%
E1025,WORKS_ON,P-CYB-06,40%
E1025,WORKS_ON,P-DTFS-05,20%
E1035,WORKS_ON,P-CYB-03,70%
E1035,WORKS_ON,P-SAL-04,30%
E1036,WORKS_ON,P-CYB-03,60%
E1036,WORKS_ON,P-CYB-04,40%
E1037,WORKS_ON,P-CYB-07,70%
E1037,WORKS_ON,P-CYB-01,30%
E1038,WORKS_ON,P-CYB-07,60%
E1038,WORKS_ON,P-CYB-01,40%
E1001,WORKS_ON,P-CYB-01,20%
E1001,WORKS_ON,P-DTFS-01,20%
E1001,WORKS_ON,P-PRO-01,20%
E1002,WORKS_ON,P-PRO-01,20%
E1002,WORKS_ON,P-DTFS-01,20%
E1003,WORKS_ON,P-CYB-01,30%
E1003,WORKS_ON,P-CYB-03,20%
E1004,WORKS_ON,P-PRO-01,25%
E1004,WORKS_ON,P-DTFS-01,25%
E1004,WORKS_ON,P-DTFS-03,20%
E1004,WORKS_ON,P-DTFS-04,20%
E1004,WORKS_ON,P-DTFS-06,10%
E1005,WORKS_ON,P-PRO-01,40%
E1005,WORKS_ON,P-DTFS-03,30%
E1005,WORKS_ON,P-DTFS-04,30%
E1006,WORKS_ON,P-DTFS-01,50%
E1006,WORKS_ON,P-DTFS-06,50%
E1007,WORKS_ON,P-FIN-05,40%
E1007,WORKS_ON,P-CYB-05,40%
E1008,WORKS_ON,P-FIN-05,30%
E1008,WORKS_ON,P-CYB-05,30%
E1009,WORKS_ON,P-SAL-01,30%
E1009,WORKS_ON,P-SAL-03,20%
E1009,WORKS_ON,P-SAL-04,20%
E1010,WORKS_ON,P-SAL-03,40%
E1010,WORKS_ON,P-SAL-04,40%
E1011,WORKS_ON,P-SAL-01,50%
E1011,WORKS_ON,P-CYB-03,20%
E1012,WORKS_ON,P-FIN-01,50%
E1012,WORKS_ON,P-PRO-03,30%
E1012,WORKS_ON,P-SAL-06,20%
E1013,WORKS_ON,P-FIN-01,40%
E1013,WORKS_ON,P-FIN-03,20%
E1013,WORKS_ON,P-FIN-04,20%
E1013,WORKS_ON,P-SAL-06,20%
E1014,WORKS_ON,P-FIN-01,60%
E1014,WORKS_ON,P-FIN-03,20%
E1014,WORKS_ON,P-FIN-06,20%
E1015,WORKS_ON,P-FIN-02,50%
E1015,WORKS_ON,P-PRO-04,30%
E1015,WORKS_ON,P-DTFS-05,20%
E1016,WORKS_ON,P-FIN-02,60%
E1016,WORKS_ON,P-DTFS-05,20%
E1016,WORKS_ON,P-PRO-04,20%
E1017,WORKS_ON,P-SAL-06,40%
E1017,WORKS_ON,P-FIN-04,30%
E1017,WORKS_ON,P-PRO-02,30%
E1018,WORKS_ON,P-FIN-06,40%
E1018,WORKS_ON,P-PRO-02,30%
E1018,WORKS_ON,P-HR-01,30%
E1019,WORKS_ON,P-FIN-05,20%
E1019,WORKS_ON,P-SAL-02,30%
E1019,WORKS_ON,P-DTFS-05,30%
E1019,WORKS_ON,P-PRO-04,20%
E1020,WORKS_ON,P-FIN-05,40%
E1020,WORKS_ON,P-PRO-04,30%
E1020,WORKS_ON,P-SAL-05,30%
E1021,WORKS_ON,P-DTFS-02,30%
E1021,WORKS_ON,P-CYB-05,30%
E1021,WORKS_ON,P-SAL-04,20%
E1021,WORKS_ON,P-PRO-05,20%
E1022,WORKS_ON,P-DTFS-02,40%
E1022,WORKS_ON,P-SAL-05,30%
E1022,WORKS_ON,P-PRO-05,30%
E1023,WORKS_ON,P-SAL-04,40%
E1023,WORKS_ON,P-SAL-02,30%
E1023,WORKS_ON,P-CYB-05,30%
E1039,WORKS_ON,P-FIN-01,50%
E1039,WORKS_ON,P-FIN-02,30%
E1039,WORKS_ON,P-FIN-03,20%
E1040,WORKS_ON,P-FIN-03,50%
E1040,WORKS_ON,P-FIN-05,30%
E1040,WORKS_ON,P-FIN-02,20%
E1041,WORKS_ON,P-FIN-06,60%
E1041,WORKS_ON,P-FIN-01,40%
E1042,WORKS_ON,P-FIN-01,60%
E1042,WORKS_ON,P-FIN-03,20%
E1042,WORKS_ON,P-DTFS-03,20%
E1043,WORKS_ON,P-FIN-03,70%
E1043,WORKS_ON,P-FIN-01,30%
E1044,WORKS_ON,P-FIN-06,60%
E1044,WORKS_ON,P-FIN-01,40%
E1045,WORKS_ON,P-FIN-04,70%
E1045,WORKS_ON,P-FIN-01,30%
E1046,WORKS_ON,P-FIN-04,80%
E1046,WORKS_ON,P-FIN-01,20%
E1047,WORKS_ON,P-FIN-04,70%
E1047,WORKS_ON,P-FIN-06,30%
E1048,WORKS_ON,P-FIN-02,70%
E1048,WORKS_ON,P-FIN-05,30%
E1049,WORKS_ON,P-FIN-05,60%
E1049,WORKS_ON,P-FIN-02,40%
E1050,WORKS_ON,P-PRO-01,40%
E1050,WORKS_ON,P-PRO-03,40%
E1050,WORKS_ON,P-PRO-02,20%
E1051,WORKS_ON,P-PRO-02,60%
E1051,WORKS_ON,P-PRO-05,40%
E1052,WORKS_ON,P-PRO-04,60%
E1052,WORKS_ON,P-PRO-02,40%
E1053,WORKS_ON,P-PRO-01,60%
E1053,WORKS_ON,P-PRO-03,40%
E1054,WORKS_ON,P-PRO-01,70%
E1054,WORKS_ON,P-PRO-03,30%
E1055,WORKS_ON,P-PRO-02,70%
E1055,WORKS_ON,P-PRO-01,30%
E1056,WORKS_ON,P-PRO-03,80%
E1056,WORKS_ON,P-PRO-01,20%
E1057,WORKS_ON,P-PRO-04,80%
E1057,WORKS_ON,P-PRO-05,20%
E1058,WORKS_ON,P-PRO-05,70%
E1058,WORKS_ON,P-PRO-04,30%
E1059,WORKS_ON,P-DTFS-03,40%
E1059,WORKS_ON,P-DTFS-05,40%
E1059,WORKS_ON,P-DTFS-01,20%
E1060,WORKS_ON,P-DTFS-02,40%
E1060,WORKS_ON,P-DTFS-06,40%
E1060,WORKS_ON,P-DTFS-01,20%
E1061,WORKS_ON,P-DTFS-01,70%
E1061,WORKS_ON,P-DTFS-06,30%
E1062,WORKS_ON,P-DTFS-01,60%
E1062,WORKS_ON,P-DTFS-06,20%
E1062,WORKS_ON,P-DTFS-03,20%
E1063,WORKS_ON,P-DTFS-03,60%
E1063,WORKS_ON,P-DTFS-01,40%
E1064,WORKS_ON,P-DTFS-01,50%
E1064,WORKS_ON,P-DTFS-03,30%
E1064,WORKS_ON,P-DTFS-04,20%
E1065,WORKS_ON,P-DTFS-06,70%
E1065,WORKS_ON,P-DTFS-01,30%
E1066,WORKS_ON,P-DTFS-02,50%
E1066,WORKS_ON,P-DTFS-05,30%
E1066,WORKS_ON,P-PRO-05,20%
E1067,WORKS_ON,P-DTFS-02,70%
E1067,WORKS_ON,P-SAL-05,30%
E1068,WORKS_ON,P-DTFS-05,60%
E1068,WORKS_ON,P-DTFS-02,40%
E1069,WORKS_ON,P-DTFS-04,70%
E1069,WORKS_ON,P-DTFS-03,30%
E1070,WORKS_ON,P-DTFS-04,80%
E1070,WORKS_ON,P-DTFS-03,20%
E1071,WORKS_ON,P-SAL-02,30%
E1071,WORKS_ON,P-SAL-05,30%
E1071,WORKS_ON,P-SAL-06,40%
E1072,WORKS_ON,P-SAL-01,60%
E1072,WORKS_ON,P-SAL-03,20%
E1072,WORKS_ON,P-DTFS-06,20%
E1073,WORKS_ON,P-SAL-01,50%
E1073,WORKS_ON,P-SAL-02,30%
E1074,WORKS_ON,P-SAL-03,50%
E1074,WORKS_ON,P-SAL-04,50%
E1075,WORKS_ON,P-SAL-03,70%
E1075,WORKS_ON,P-SAL-04,30%
E1076,WORKS_ON,P-SAL-03,80%
E1076,WORKS_ON,P-SAL-01,20%
E1077,WORKS_ON,P-SAL-01,70%
E1077,WORKS_ON,P-SAL-06,30%
E1078,WORKS_ON,P-SAL-01,60%
E1078,WORKS_ON,P-SAL-03,40%
E1079,WORKS_ON,P-SAL-04,70%
E1079,WORKS_ON,P-SAL-01,30%
E1080,WORKS_ON,P-SAL-02,50%
E1080,WORKS_ON,P-SAL-05,50%
E1081,WORKS_ON,P-SAL-02,60%
E1081,WORKS_ON,P-SAL-04,40%
E1082,WORKS_ON,P-SAL-05,70%
E1082,WORKS_ON,P-SAL-02,30%
E1083,WORKS_ON,P-HR-01,50%
E1083,WORKS_ON,P-CYB-02,20%
E1084,WORKS_ON,P-HR-01,60%
E1084,WORKS_ON,P-CYB-02,20%
E1085,WORKS_ON,P-HR-01,70%
E1085,WORKS_ON,P-CYB-02,30%
E1086,WORKS_ON,P-HR-01,80%
E1086,WORKS_ON,P-FIN-01,20%
