service_id,depends_on_service_id,dependency_type,criticality
AZ-AKS,AZ-NET,infrastructure,critical
AZ-AKS,AZ-AAD,identity,high
AZ-SEN,AZ-LAW,data,critical
AZ-DEF,AZ-LAW,data,medium
AZ-APIM,AZ-AAD,identity,high
AZ-APIM,AZ-NET,infrastructure,high
AZ-ADF,AZ-NET,infrastructure,high
AZ-KV,AZ-AAD,identity,high
DBX-LH,AZ-NET,infrastructure,high
DBX-UC,AZ-AAD,identity,high
DBX-ML,DBX-LH,platform,critical
DBX-DLT,DBX-LH,platform,critical
SAP-RISE,AZ-NET,infrastructure,critical
SAP-BTP,AZ-AAD,identity,high
SAP-ARI,SAP-BTP,integration,high
SAP-SAC,SAP-DSP,data,high
SAP-DSP,SAP-RISE,data,high
SAP-GRC,SAP-RISE,platform,high
SAP-SFSF,SAP-BTP,integration,high
SNF-DW,AWS-S3,infrastructure,critical
SNF-SH,SNF-DW,platform,critical
SNF-CORT,SNF-DW,platform,high
